Subject,Sex,NativeLanguage,Word,Length,Class,RT
A1,F,English,owl,3,animal,6.340359
A1,F,English,mole,4,animal,6.308098
A1,F,English,cherry,6,plant,6.349139
A1,F,English,pear,4,plant,6.186209
A1,F,English,dog,3,animal,6.025866
A1,F,English,blackberry,10,plant,6.180017
A1,F,English,strawberry,10,plant,6.035481
A1,F,English,squirrel,8,animal,6.263398
A1,F,English,radish,6,plant,6.459904
A1,F,English,almond,6,plant,6.184149
A1,F,English,whale,5,animal,6.137727
A1,F,English,reindeer,8,animal,6.242223
A1,F,English,blueberry,9,plant,6.003887
A1,F,English,lemon,5,plant,6.035481
A1,F,English,bee,3,animal,6.322565
A1,F,English,goat,4,animal,5.988961
A1,F,English,eggplant,8,plant,6.285998
A1,F,English,tomato,6,plant,6.381816
A1,F,English,peanut,6,plant,5.958425
A1,F,English,bat,3,animal,6.124683
A1,F,English,mustard,7,plant,6.741701
A1,F,English,magpie,6,animal,6.821107
A1,F,English,stork,5,animal,6.40688
A1,F,English,goose,5,animal,6.421622
A1,F,English,squid,5,animal,6.320768
A1,F,English,carrot,6,plant,6.20859
A1,F,English,crocodile,9,animal,6.214608
A1,F,English,tortoise,8,animal,7.114769
A1,F,English,spider,6,animal,6.09131
A1,F,English,grape,5,plant,6.20859
A1,F,English,fox,3,animal,6.36647
A1,F,English,potato,6,plant,6.582025
A1,F,English,frog,4,animal,6.514713
A1,F,English,beetroot,8,plant,6.352629
A1,F,English,asparagus,9,plant,6.278521
A1,F,English,mouse,5,animal,5.988961
A1,F,English,dolphin,7,animal,6.079933
A1,F,English,pineapple,9,plant,6.126869
A1,F,English,lettuce,7,plant,6.284134
A1,F,English,sheep,5,animal,6.089045
A1,F,English,cucumber,8,plant,6.383507
A1,F,English,gherkin,7,plant,6.22059
A1,F,English,gull,4,animal,6.381816
A1,F,English,pig,3,animal,6.202536
A1,F,English,camel,5,animal,6.356108
A1,F,English,shark,5,animal,6.107023
A1,F,English,vulture,7,animal,6.517671
A1,F,English,snake,5,animal,6.317165
A1,F,English,donkey,6,animal,6.086775
A1,F,English,broccoli,8,plant,6.163315
A1,F,English,apricot,7,plant,6.673298
A1,F,English,leek,4,plant,6.434547
A1,F,English,clove,5,plant,6.33328
A1,F,English,banana,6,plant,6.202536
A1,F,English,lion,4,animal,6.111467
A1,F,English,elephant,8,animal,6.326149
A1,F,English,hedgehog,8,animal,6.903747
A1,F,English,eagle,5,animal,6.306275
A1,F,English,apple,5,plant,6.118097
A1,F,English,kiwi,4,plant,6.472346
A1,F,English,wasp,4,animal,6.697034
A1,F,English,cat,3,animal,6.148468
A1,F,English,paprika,7,plant,6.59987
A1,F,English,ant,3,animal,6.775366
A1,F,English,bunny,5,animal,6.36647
A1,F,English,beaver,6,animal,6.274762
A1,F,English,horse,5,animal,6.023448
A1,F,English,mushroom,8,plant,6.139885
A1,F,English,woodpecker,10,animal,6.293419
A1,F,English,moose,5,animal,6.021023
A1,F,English,orange,6,plant,6.188264
A1,F,English,avocado,7,plant,6.194405
A1,F,English,chicken,7,animal,5.899897
A1,F,English,butterfly,9,animal,6.364751
A1,F,English,olive,5,plant,5.97381
A1,F,English,swan,4,animal,6.037871
A1,F,English,walnut,6,plant,5.97381
A1,F,English,melon,5,plant,6.282267
A1,F,English,monkey,6,animal,6.040255
A2,M,English,dog,3,animal,6.329721
A2,M,English,apricot,7,plant,6.20859
A2,M,English,beaver,6,animal,6.270988
A2,M,English,dolphin,7,animal,6.45047
A2,M,English,walnut,6,plant,6.36647
A2,M,English,camel,5,animal,6.293419
A2,M,English,olive,5,plant,6.198479
A2,M,English,whale,5,animal,6.154858
A2,M,English,donkey,6,animal,6.20859
A2,M,English,lettuce,7,plant,6.156979
A2,M,English,gull,4,animal,6.146329
A2,M,English,goat,4,animal,5.942799
A2,M,English,hedgehog,8,animal,5.993961
A2,M,English,spider,6,animal,6.167516
A2,M,English,squid,5,animal,6.013715
A2,M,English,mustard,7,plant,6.161207
A2,M,English,radish,6,plant,6.146329
A2,M,English,lemon,5,plant,6.2106
A2,M,English,chicken,7,animal,6.163315
A2,M,English,lion,4,animal,6.831954
A2,M,English,paprika,7,plant,6.154858
A2,M,English,moose,5,animal,6.2106
A2,M,English,cherry,6,plant,6.22059
A2,M,English,reindeer,8,animal,6.253829
A2,M,English,owl,3,animal,6.082219
A2,M,English,asparagus,9,plant,6.289716
A2,M,English,mouse,5,animal,6.068426
A2,M,English,kiwi,4,plant,6.152733
A2,M,English,bee,3,animal,6.192362
A2,M,English,leek,4,plant,6.721426
A2,M,English,woodpecker,10,animal,6.222576
A2,M,English,shark,5,animal,6.154858
A2,M,English,vulture,7,animal,6.53814
A2,M,English,avocado,7,plant,6.025866
A2,M,English,crocodile,9,animal,5.942799
A2,M,English,frog,4,animal,6.086775
A2,M,English,cucumber,8,plant,6.20859
A2,M,English,eagle,5,animal,6.152733
A2,M,English,tomato,6,plant,6.22059
A2,M,English,broccoli,8,plant,6.280396
A2,M,English,eggplant,8,plant,6.159095
A2,M,English,strawberry,10,plant,5.993961
A2,M,English,stork,5,animal,6.641182
A2,M,English,blackberry,10,plant,6.248043
A2,M,English,clove,5,plant,6.230481
A2,M,English,bunny,5,animal,6.163315
A2,M,English,horse,5,animal,5.966147
A2,M,English,mole,4,animal,6.434547
A2,M,English,ant,3,animal,6.077642
A2,M,English,goose,5,animal,5.902633
A2,M,English,pear,4,plant,6.249975
A2,M,English,snake,5,animal,6.095825
A2,M,English,bat,3,animal,6.169611
A2,M,English,wasp,4,animal,6.214608
A2,M,English,monkey,6,animal,6.345636
A2,M,English,banana,6,plant,6.363028
A2,M,English,potato,6,plant,6.169611
A2,M,English,carrot,6,plant,6.278521
A2,M,English,orange,6,plant,6.115892
A2,M,English,pineapple,9,plant,6.285998
A2,M,English,sheep,5,animal,6.251904
A2,M,English,melon,5,plant,6.175867
A2,M,English,butterfly,9,animal,6.113682
A2,M,English,magpie,6,animal,6.284134
A2,M,English,blueberry,9,plant,6.013715
A2,M,English,peanut,6,plant,6.075346
A2,M,English,mushroom,8,plant,6.104793
A2,M,English,pig,3,animal,5.828946
A2,M,English,squirrel,8,animal,6.522093
A2,M,English,elephant,8,animal,6.23637
A2,M,English,swan,4,animal,6.489205
A2,M,English,gherkin,7,plant,6.700731
A2,M,English,tortoise,8,animal,6.466145
A2,M,English,beetroot,8,plant,6.257668
A2,M,English,almond,6,plant,6.315358
A2,M,English,fox,3,animal,6.308098
A2,M,English,grape,5,plant,6.23637
A2,M,English,cat,3,animal,6.198479
A2,M,English,apple,5,plant,6.12905
A3,F,Other,strawberry,10,plant,6.410175
A3,F,Other,crocodile,9,animal,6.315358
A3,F,Other,cherry,6,plant,6.385194
A3,F,Other,bunny,5,animal,6.35437
A3,F,Other,paprika,7,plant,6.716595
A3,F,Other,lemon,5,plant,6.261492
A3,F,Other,clove,5,plant,6.304449
A3,F,Other,ant,3,animal,6.408529
A3,F,Other,pig,3,animal,6.331502
A3,F,Other,shark,5,animal,6.401917
A3,F,Other,kiwi,4,plant,6.313548
A3,F,Other,owl,3,animal,6.483107
A3,F,Other,avocado,7,plant,6.327937
A3,F,Other,fox,3,animal,6.234411
A3,F,Other,goat,4,animal,6.36647
A3,F,Other,walnut,6,plant,6.327937
A3,F,Other,tortoise,8,animal,6.472346
A3,F,Other,goose,5,animal,6.376727
A3,F,Other,eggplant,8,plant,6.383507
A3,F,Other,moose,5,animal,6.36647
A3,F,Other,gull,4,animal,6.510258
A3,F,Other,eagle,5,animal,6.253829
A3,F,Other,stork,5,animal,6.263398
A3,F,Other,blueberry,9,plant,6.401917
A3,F,Other,squid,5,animal,6.280396
A3,F,Other,asparagus,9,plant,6.44572
A3,F,Other,carrot,6,plant,6.317165
A3,F,Other,lettuce,7,plant,6.356108
A3,F,Other,snake,5,animal,6.238325
A3,F,Other,hedgehog,8,animal,6.804615
A3,F,Other,butterfly,9,animal,6.376727
A3,F,Other,beaver,6,animal,6.240276
A3,F,Other,banana,6,plant,6.194405
A3,F,Other,cat,3,animal,6.447306
A3,F,Other,elephant,8,animal,6.359574
A3,F,Other,peanut,6,plant,6.437752
A3,F,Other,cucumber,8,plant,6.302619
A3,F,Other,chicken,7,animal,6.263398
A3,F,Other,mustard,7,plant,6.251904
A3,F,Other,apple,5,plant,6.33328
A3,F,Other,monkey,6,animal,6.171701
A3,F,Other,melon,5,plant,6.289716
A3,F,Other,leek,4,plant,6.25575
A3,F,Other,camel,5,animal,6.253829
A3,F,Other,woodpecker,10,animal,6.487684
A3,F,Other,reindeer,8,animal,6.452049
A3,F,Other,donkey,6,animal,6.405228
A3,F,Other,orange,6,plant,6.242223
A3,F,Other,dolphin,7,animal,6.437752
A3,F,Other,blackberry,10,plant,6.375025
A3,F,Other,mole,4,animal,6.475433
A3,F,Other,bat,3,animal,6.452049
A3,F,Other,mouse,5,animal,6.415097
A3,F,Other,whale,5,animal,6.378426
A3,F,Other,broccoli,8,plant,6.444131
A3,F,Other,frog,4,animal,6.361302
A3,F,Other,tomato,6,plant,6.55108
A3,F,Other,almond,6,plant,7.044033
A3,F,Other,vulture,7,animal,6.459904
A3,F,Other,mushroom,8,plant,6.410175
A3,F,Other,lion,4,animal,6.361302
A3,F,Other,dog,3,animal,6.242223
A3,F,Other,pear,4,plant,6.458338
A3,F,Other,radish,6,plant,7.132498
A3,F,Other,olive,5,plant,6.388561
A3,F,Other,bee,3,animal,6.419995
A3,F,Other,magpie,6,animal,6.43294
A3,F,Other,potato,6,plant,6.2106
A3,F,Other,pineapple,9,plant,6.390241
A3,F,Other,wasp,4,animal,6.605298
A3,F,Other,beetroot,8,plant,6.459904
A3,F,Other,squirrel,8,animal,6.416732
A3,F,Other,sheep,5,animal,6.495266
A3,F,Other,apricot,7,plant,6.278521
A3,F,Other,horse,5,animal,6.421622
A3,F,Other,spider,6,animal,6.434547
A3,F,Other,grape,5,plant,6.466145
A3,F,Other,gherkin,7,plant,6.44254
A3,F,Other,swan,4,animal,6.380123
C,F,English,vulture,7,animal,6.533789
C,F,English,camel,5,animal,6.53814
C,F,English,kiwi,4,plant,6.246107
C,F,English,avocado,7,plant,6.416732
C,F,English,gull,4,animal,6.284134
C,F,English,banana,6,plant,6.473891
C,F,English,whale,5,animal,6.269096
C,F,English,donkey,6,animal,6.398595
C,F,English,shark,5,animal,6.196444
C,F,English,chicken,7,animal,6.33328
C,F,English,monkey,6,animal,6.173786
C,F,English,wasp,4,animal,6.173786
C,F,English,cat,3,animal,6.180017
C,F,English,eggplant,8,plant,6.386879
C,F,English,gherkin,7,plant,6.499787
C,F,English,bat,3,animal,6.173786
C,F,English,bee,3,animal,6.070738
C,F,English,spider,6,animal,6.304449
C,F,English,squid,5,animal,6.20859
C,F,English,pineapple,9,plant,6.395262
C,F,English,swan,4,animal,6.483107
C,F,English,strawberry,10,plant,6.293419
C,F,English,sheep,5,animal,6.293419
C,F,English,walnut,6,plant,6.272877
C,F,English,tortoise,8,animal,6.496775
C,F,English,lion,4,animal,6.25575
C,F,English,goat,4,animal,6.234411
C,F,English,asparagus,9,plant,6.380123
C,F,English,apricot,7,plant,6.306275
C,F,English,pig,3,animal,6.259581
C,F,English,apple,5,plant,6.249975
C,F,English,mustard,7,plant,6.280396
C,F,English,hedgehog,8,animal,6.487684
C,F,English,ant,3,animal,6.586172
C,F,English,fox,3,animal,6.411818
C,F,English,elephant,8,animal,6.36647
C,F,English,moose,5,animal,6.214608
C,F,English,beetroot,8,plant,6.276643
C,F,English,carrot,6,plant,6.326149
C,F,English,snake,5,animal,6.270988
C,F,English,olive,5,plant,6.190315
C,F,English,pear,4,plant,6.115892
C,F,English,butterfly,9,animal,6.285998
C,F,English,blueberry,9,plant,6.295266
C,F,English,mole,4,animal,6.287859
C,F,English,cucumber,8,plant,6.284134
C,F,English,orange,6,plant,6.23637
C,F,English,lemon,5,plant,6.186209
C,F,English,horse,5,animal,6.43615
C,F,English,squirrel,8,animal,6.369901
C,F,English,goose,5,animal,6.152733
C,F,English,bunny,5,animal,6.146329
C,F,English,almond,6,plant,6.440947
C,F,English,clove,5,plant,6.173786
C,F,English,peanut,6,plant,6.331502
C,F,English,beaver,6,animal,6.486161
C,F,English,mushroom,8,plant,6.171701
C,F,English,dog,3,animal,6.324359
C,F,English,frog,4,animal,6.679599
C,F,English,stork,5,animal,6.311735
C,F,English,potato,6,plant,6.423247
C,F,English,radish,6,plant,6.591674
C,F,English,paprika,7,plant,6.405228
C,F,English,blackberry,10,plant,6.338594
C,F,English,lettuce,7,plant,6.418365
C,F,English,mouse,5,animal,6.376727
C,F,English,crocodile,9,animal,6.163315
C,F,English,reindeer,8,animal,6.46925
C,F,English,broccoli,8,plant,6.265301
C,F,English,tomato,6,plant,6.385194
C,F,English,leek,4,plant,6.493754
C,F,English,magpie,6,animal,6.426488
C,F,English,owl,3,animal,6.171701
C,F,English,cherry,6,plant,6.180017
C,F,English,eagle,5,animal,6.293419
C,F,English,woodpecker,10,animal,6.304449
C,F,English,dolphin,7,animal,6.364751
C,F,English,melon,5,plant,6.246107
C,F,English,grape,5,plant,6.234411
D,M,Other,peanut,6,plant,6.232448
D,M,Other,swan,4,animal,6.349139
D,M,Other,lettuce,7,plant,6.375025
D,M,Other,walnut,6,plant,6.315358
D,M,Other,beetroot,8,plant,6.440947
D,M,Other,broccoli,8,plant,6.284134
D,M,Other,spider,6,animal,6.300786
D,M,Other,cucumber,8,plant,6.458338
D,M,Other,blackberry,10,plant,6.350886
D,M,Other,snake,5,animal,6.380123
D,M,Other,cat,3,animal,6.272877
D,M,Other,fox,3,animal,6.287859
D,M,Other,gherkin,7,plant,6.466145
D,M,Other,tomato,6,plant,6.539586
D,M,Other,squirrel,8,animal,6.472346
D,M,Other,woodpecker,10,animal,6.33328
D,M,Other,squid,5,animal,6.602588
D,M,Other,butterfly,9,animal,6.437752
D,M,Other,orange,6,plant,6.122493
D,M,Other,beaver,6,animal,6.34388
D,M,Other,dog,3,animal,6.122493
D,M,Other,banana,6,plant,6.084499
D,M,Other,blueberry,9,plant,6.175867
D,M,Other,donkey,6,animal,6.226537
D,M,Other,pig,3,animal,5.993961
D,M,Other,paprika,7,plant,6.320768
D,M,Other,carrot,6,plant,6.588926
D,M,Other,camel,5,animal,6.214608
D,M,Other,whale,5,animal,6.434547
D,M,Other,mouse,5,animal,6.313548
D,M,Other,kiwi,4,plant,6.244167
D,M,Other,avocado,7,plant,6.448889
D,M,Other,cherry,6,plant,6.261492
D,M,Other,owl,3,animal,6.309918
D,M,Other,reindeer,8,animal,6.514713
D,M,Other,lion,4,animal,6.265301
D,M,Other,tortoise,8,animal,6.265301
D,M,Other,olive,5,plant,6.419995
D,M,Other,mole,4,animal,6.361302
D,M,Other,apricot,7,plant,6.378426
D,M,Other,shark,5,animal,6.49224
D,M,Other,elephant,8,animal,6.295266
D,M,Other,radish,6,plant,6.368187
D,M,Other,bat,3,animal,6.287859
D,M,Other,goat,4,animal,6.309918
D,M,Other,bunny,5,animal,6.395262
D,M,Other,grape,5,plant,6.165418
D,M,Other,lemon,5,plant,6.350886
D,M,Other,hedgehog,8,animal,6.59987
D,M,Other,apple,5,plant,6.198479
D,M,Other,horse,5,animal,6.297109
D,M,Other,strawberry,10,plant,6.311735
D,M,Other,stork,5,animal,6.594413
D,M,Other,melon,5,plant,6.352629
D,M,Other,gull,4,animal,6.40688
D,M,Other,moose,5,animal,6.467699
D,M,Other,sheep,5,animal,6.33328
D,M,Other,goose,5,animal,6.956545
D,M,Other,ant,3,animal,6.44254
D,M,Other,asparagus,9,plant,6.54535
D,M,Other,monkey,6,animal,6.244167
D,M,Other,pineapple,9,plant,6.771936
D,M,Other,wasp,4,animal,6.395262
D,M,Other,mushroom,8,plant,6.51323
D,M,Other,leek,4,plant,6.5525080000000004
D,M,Other,dolphin,7,animal,6.444131
D,M,Other,almond,6,plant,6.415097
D,M,Other,clove,5,plant,6.59987
D,M,Other,mustard,7,plant,6.455199
D,M,Other,pear,4,plant,6.276643
D,M,Other,chicken,7,animal,6.98379
D,M,Other,eagle,5,animal,6.658011
D,M,Other,vulture,7,animal,6.790097
D,M,Other,frog,4,animal,6.741701
D,M,Other,potato,6,plant,6.572283
D,M,Other,magpie,6,animal,6.352629
D,M,Other,bee,3,animal,6.603944
D,M,Other,crocodile,9,animal,6.507278
D,M,Other,eggplant,8,plant,6.719013
I,F,Other,dolphin,7,animal,6.194405
I,F,Other,vulture,7,animal,6.566672
I,F,Other,pig,3,animal,6.23637
I,F,Other,cherry,6,plant,6.495266
I,F,Other,orange,6,plant,6.09131
I,F,Other,shark,5,animal,6.09357
I,F,Other,crocodile,9,animal,6.295266
I,F,Other,reindeer,8,animal,6.363028
I,F,Other,lion,4,animal,6.066108
I,F,Other,donkey,6,animal,6.102559
I,F,Other,gull,4,animal,6.46925
I,F,Other,blueberry,9,plant,6.259581
I,F,Other,snake,5,animal,7.135687
I,F,Other,grape,5,plant,5.97381
I,F,Other,carrot,6,plant,5.905362
I,F,Other,butterfly,9,animal,6.263398
I,F,Other,apple,5,plant,6.030685
I,F,Other,lettuce,7,plant,6.431331
I,F,Other,asparagus,9,plant,6.483107
I,F,Other,goat,4,animal,6.194405
I,F,Other,clove,5,plant,6.061457
I,F,Other,bunny,5,animal,6.368187
I,F,Other,swan,4,animal,6.282267
I,F,Other,eggplant,8,plant,6.320768
I,F,Other,strawberry,10,plant,6.329721
I,F,Other,mustard,7,plant,6.390241
I,F,Other,magpie,6,animal,6.368187
I,F,Other,beaver,6,animal,6.383507
I,F,Other,broccoli,8,plant,6.848005
I,F,Other,elephant,8,animal,6.146329
I,F,Other,banana,6,plant,6.09131
I,F,Other,sheep,5,animal,6.167516
I,F,Other,melon,5,plant,6.238325
I,F,Other,almond,6,plant,6.326149
I,F,Other,potato,6,plant,5.976351
I,F,Other,hedgehog,8,animal,6.331502
I,F,Other,leek,4,plant,6.411818
I,F,Other,whale,5,animal,6.148468
I,F,Other,tomato,6,plant,6.049733
I,F,Other,mouse,5,animal,5.961005
I,F,Other,ant,3,animal,6.327937
I,F,Other,goose,5,animal,6.251904
I,F,Other,paprika,7,plant,6.401917
I,F,Other,woodpecker,10,animal,6.837333
I,F,Other,pineapple,9,plant,6.154858
I,F,Other,bat,3,animal,6.161207
I,F,Other,cat,3,animal,6.169611
I,F,Other,bee,3,animal,5.998937
I,F,Other,avocado,7,plant,6.161207
I,F,Other,eagle,5,animal,6.068426
I,F,Other,olive,5,plant,6.011267
I,F,Other,beetroot,8,plant,6.212606
I,F,Other,frog,4,animal,6.248043
I,F,Other,mushroom,8,plant,6.357842
I,F,Other,gherkin,7,plant,6.434547
I,F,Other,spider,6,animal,6.177944
I,F,Other,fox,3,animal,6.421622
I,F,Other,monkey,6,animal,6.575076
I,F,Other,squirrel,8,animal,6.206576
I,F,Other,mole,4,animal,6.369901
I,F,Other,dog,3,animal,6.259581
I,F,Other,peanut,6,plant,6.186209
I,F,Other,owl,3,animal,6.109248
I,F,Other,wasp,4,animal,6.666957
I,F,Other,squid,5,animal,6.09357
I,F,Other,pear,4,plant,5.981414
I,F,Other,chicken,7,animal,6.154858
I,F,Other,radish,6,plant,6.063785
I,F,Other,cucumber,8,plant,6.263398
I,F,Other,apricot,7,plant,6.070738
I,F,Other,camel,5,animal,5.921578
I,F,Other,blackberry,10,plant,6.398595
I,F,Other,lemon,5,plant,5.996452
I,F,Other,tortoise,8,animal,6.400257
I,F,Other,kiwi,4,plant,5.945421
I,F,Other,horse,5,animal,6.008813
I,F,Other,stork,5,animal,6.642487
I,F,Other,walnut,6,plant,6.244167
I,F,Other,moose,5,animal,6.188264
J,F,Other,beaver,6,animal,6.714171
J,F,Other,hedgehog,8,animal,6.075346
J,F,Other,gull,4,animal,6.519147
J,F,Other,carrot,6,plant,6.34388
J,F,Other,clove,5,plant,6.34388
J,F,Other,mouse,5,animal,6.496775
J,F,Other,bunny,5,animal,6.848005
J,F,Other,pig,3,animal,6.261492
J,F,Other,ant,3,animal,6.246107
J,F,Other,eggplant,8,plant,6.300786
J,F,Other,gherkin,7,plant,6.194405
J,F,Other,wasp,4,animal,6.51323
J,F,Other,fox,3,animal,6.148468
J,F,Other,lemon,5,plant,6.180017
J,F,Other,owl,3,animal,6.356108
J,F,Other,dog,3,animal,6.124683
J,F,Other,shark,5,animal,6.352629
J,F,Other,apricot,7,plant,6.359574
J,F,Other,whale,5,animal,6.180017
J,F,Other,spider,6,animal,6.324359
J,F,Other,pear,4,plant,6.393591
J,F,Other,mushroom,8,plant,6.113682
J,F,Other,squirrel,8,animal,6.317165
J,F,Other,pineapple,9,plant,6.285998
J,F,Other,chicken,7,animal,6.177944
J,F,Other,goat,4,animal,6.265301
J,F,Other,crocodile,9,animal,6.113682
J,F,Other,horse,5,animal,6.308098
J,F,Other,tomato,6,plant,6.161207
J,F,Other,broccoli,8,plant,6.287859
J,F,Other,mole,4,animal,6.586172
J,F,Other,bat,3,animal,6.196444
J,F,Other,donkey,6,animal,6.098074
J,F,Other,mustard,7,plant,6.156979
J,F,Other,squid,5,animal,6.327937
J,F,Other,frog,4,animal,6.098074
J,F,Other,dolphin,7,animal,6.098074
J,F,Other,reindeer,8,animal,6.139885
J,F,Other,lion,4,animal,6.040255
J,F,Other,potato,6,plant,6.146329
J,F,Other,eagle,5,animal,6.289716
J,F,Other,blackberry,10,plant,6.282267
J,F,Other,camel,5,animal,6.345636
J,F,Other,radish,6,plant,6.198479
J,F,Other,beetroot,8,plant,6.267201
J,F,Other,apple,5,plant,6.100319
J,F,Other,grape,5,plant,6.049733
J,F,Other,cucumber,8,plant,6.324359
J,F,Other,cherry,6,plant,6.122493
J,F,Other,butterfly,9,animal,6.391917
J,F,Other,vulture,7,animal,6.336826
J,F,Other,walnut,6,plant,6.411818
J,F,Other,magpie,6,animal,6.566672
J,F,Other,strawberry,10,plant,6.289716
J,F,Other,banana,6,plant,6.082219
J,F,Other,elephant,8,animal,6.318968
J,F,Other,stork,5,animal,6.703188
J,F,Other,olive,5,plant,6.204558
J,F,Other,goose,5,animal,6.086775
J,F,Other,swan,4,animal,6.280396
J,F,Other,almond,6,plant,6.400257
J,F,Other,asparagus,9,plant,5.976351
J,F,Other,leek,4,plant,6.163315
J,F,Other,orange,6,plant,6.102559
J,F,Other,woodpecker,10,animal,5.910797
J,F,Other,tortoise,8,animal,6.335054
J,F,Other,lettuce,7,plant,6.263398
J,F,Other,cat,3,animal,6.12905
J,F,Other,sheep,5,animal,6.113682
J,F,Other,avocado,7,plant,6.317165
J,F,Other,kiwi,4,plant,6.133398
J,F,Other,melon,5,plant,6.2106
J,F,Other,snake,5,animal,6.163315
J,F,Other,moose,5,animal,6.12905
J,F,Other,monkey,6,animal,6.2106
J,F,Other,blueberry,9,plant,6.077642
J,F,Other,paprika,7,plant,6.317165
J,F,Other,peanut,6,plant,6.232448
J,F,Other,bee,3,animal,6.084499
K,F,English,owl,3,animal,6.011267
K,F,English,chicken,7,animal,6.075346
K,F,English,vulture,7,animal,6.131226
K,F,English,orange,6,plant,6.109248
K,F,English,blackberry,10,plant,6.311735
K,F,English,lion,4,animal,5.998937
K,F,English,sheep,5,animal,6.144186
K,F,English,wasp,4,animal,6.100319
K,F,English,avocado,7,plant,6.104793
K,F,English,radish,6,plant,6.070738
K,F,English,stork,5,animal,6.216606
K,F,English,dolphin,7,animal,6.001415
K,F,English,fox,3,animal,6.075346
K,F,English,grape,5,plant,6.204558
K,F,English,spider,6,animal,6.070738
K,F,English,lettuce,7,plant,6.230481
K,F,English,cucumber,8,plant,6.352629
K,F,English,bat,3,animal,6.297109
K,F,English,goose,5,animal,6.434547
K,F,English,leek,4,plant,6.318968
K,F,English,clove,5,plant,6.142037
K,F,English,elephant,8,animal,6.12905
K,F,English,woodpecker,10,animal,6.309918
K,F,English,pear,4,plant,5.950643
K,F,English,lemon,5,plant,5.852202
K,F,English,squirrel,8,animal,6.133398
K,F,English,gherkin,7,plant,6.192362
K,F,English,olive,5,plant,6.052089
K,F,English,monkey,6,animal,6.152733
K,F,English,cat,3,animal,6.111467
K,F,English,goat,4,animal,6.156979
K,F,English,potato,6,plant,5.894403
K,F,English,camel,5,animal,6.152733
K,F,English,apricot,7,plant,6.120297
K,F,English,swan,4,animal,6.169611
K,F,English,bunny,5,animal,6.037871
K,F,English,peanut,6,plant,6.326149
K,F,English,pineapple,9,plant,6.20859
K,F,English,magpie,6,animal,6.224558
K,F,English,walnut,6,plant,6.426488
K,F,English,paprika,7,plant,6.352629
K,F,English,crocodile,9,animal,6.182085
K,F,English,apple,5,plant,6.188264
K,F,English,carrot,6,plant,6.71174
K,F,English,moose,5,animal,6.196444
K,F,English,mouse,5,animal,6.194405
K,F,English,reindeer,8,animal,6.284134
K,F,English,eagle,5,animal,6.137727
K,F,English,mushroom,8,plant,6.188264
K,F,English,beaver,6,animal,6.580639
K,F,English,asparagus,9,plant,6.300786
K,F,English,donkey,6,animal,6.077642
K,F,English,frog,4,animal,6.329721
K,F,English,horse,5,animal,6.079933
K,F,English,shark,5,animal,6.165418
K,F,English,strawberry,10,plant,6.45677
K,F,English,cherry,6,plant,6.190315
K,F,English,bee,3,animal,6.35437
K,F,English,squid,5,animal,6.357842
K,F,English,beetroot,8,plant,6.529419
K,F,English,melon,5,plant,6.324359
K,F,English,almond,6,plant,6.313548
K,F,English,kiwi,4,plant,6.240276
K,F,English,tomato,6,plant,5.988961
K,F,English,pig,3,animal,6.033086
K,F,English,mole,4,animal,5.953243
K,F,English,whale,5,animal,6.037871
K,F,English,broccoli,8,plant,6.152733
K,F,English,snake,5,animal,6.095825
K,F,English,banana,6,plant,6.077642
K,F,English,eggplant,8,plant,6.077642
K,F,English,butterfly,9,animal,6.016157
K,F,English,blueberry,9,plant,6.177944
K,F,English,hedgehog,8,animal,6.493754
K,F,English,gull,4,animal,6.289716
K,F,English,dog,3,animal,6.486161
K,F,English,mustard,7,plant,6.122493
K,F,English,ant,3,animal,6.09131
K,F,English,tortoise,8,animal,6.398595
M1,F,English,pear,4,plant,6.061457
M1,F,English,beaver,6,animal,6.107023
M1,F,English,almond,6,plant,6.322565
M1,F,English,squid,5,animal,6.357842
M1,F,English,eagle,5,animal,6.120297
M1,F,English,camel,5,animal,6.100319
M1,F,English,magpie,6,animal,6.063785
M1,F,English,reindeer,8,animal,6.267201
M1,F,English,tomato,6,plant,6.137727
M1,F,English,shark,5,animal,6.200509
M1,F,English,olive,5,plant,6.214608
M1,F,English,gull,4,animal,6.391917
M1,F,English,monkey,6,animal,6.095825
M1,F,English,mouse,5,animal,6.163315
M1,F,English,hedgehog,8,animal,6.287859
M1,F,English,horse,5,animal,6.150603
M1,F,English,snake,5,animal,6.126869
M1,F,English,lion,4,animal,6.102559
M1,F,English,cherry,6,plant,6.148468
M1,F,English,swan,4,animal,6.066108
M1,F,English,goose,5,animal,6.150603
M1,F,English,mole,4,animal,6.040255
M1,F,English,frog,4,animal,6.075346
M1,F,English,apple,5,plant,6.113682
M1,F,English,crocodile,9,animal,6.144186
M1,F,English,elephant,8,animal,6.291569
M1,F,English,bat,3,animal,6.196444
M1,F,English,chicken,7,animal,6.356108
M1,F,English,mushroom,8,plant,6.156979
M1,F,English,gherkin,7,plant,6.011267
M1,F,English,tortoise,8,animal,6.390241
M1,F,English,lettuce,7,plant,6.173786
M1,F,English,donkey,6,animal,6.137727
M1,F,English,kiwi,4,plant,6.035481
M1,F,English,carrot,6,plant,6.066108
M1,F,English,stork,5,animal,6.347389
M1,F,English,potato,6,plant,6.126869
M1,F,English,spider,6,animal,6.244167
M1,F,English,orange,6,plant,6.148468
M1,F,English,leek,4,plant,6.263398
M1,F,English,pineapple,9,plant,6.122493
M1,F,English,apricot,7,plant,6.037871
M1,F,English,mustard,7,plant,6.182085
M1,F,English,walnut,6,plant,6.309918
M1,F,English,blueberry,9,plant,6.244167
M1,F,English,cucumber,8,plant,6.118097
M1,F,English,blackberry,10,plant,6.175867
M1,F,English,asparagus,9,plant,6.184149
M1,F,English,broccoli,8,plant,6.135565
M1,F,English,cat,3,animal,6.066108
M1,F,English,radish,6,plant,6.054439
M1,F,English,banana,6,plant,7.05445
M1,F,English,butterfly,9,animal,6.244167
M1,F,English,beetroot,8,plant,6.077642
M1,F,English,squirrel,8,animal,6.113682
M1,F,English,goat,4,animal,6.139885
M1,F,English,lemon,5,plant,6.139885
M1,F,English,woodpecker,10,animal,6.280396
M1,F,English,owl,3,animal,6.089045
M1,F,English,sheep,5,animal,6.077642
M1,F,English,fox,3,animal,6.033086
M1,F,English,peanut,6,plant,5.940171
M1,F,English,vulture,7,animal,6.326149
M1,F,English,bunny,5,animal,6.056784
M1,F,English,clove,5,plant,6.309918
M1,F,English,eggplant,8,plant,6.084499
M1,F,English,pig,3,animal,6.173786
M1,F,English,moose,5,animal,6.156979
M1,F,English,whale,5,animal,6.175867
M1,F,English,bee,3,animal,6.070738
M1,F,English,ant,3,animal,6.056784
M1,F,English,paprika,7,plant,6.293419
M1,F,English,avocado,7,plant,6.122493
M1,F,English,dog,3,animal,5.998937
M1,F,English,grape,5,plant,6.131226
M1,F,English,strawberry,10,plant,6.154858
M1,F,English,dolphin,7,animal,6.161207
M1,F,English,melon,5,plant,6.302619
M1,F,English,wasp,4,animal,6.329721
M2,F,Other,paprika,7,plant,6.848005
M2,F,Other,mustard,7,plant,6.575076
M2,F,Other,potato,6,plant,6.505784
M2,F,Other,grape,5,plant,6.444131
M2,F,Other,donkey,6,animal,6.444131
M2,F,Other,kiwi,4,plant,6.364751
M2,F,Other,crocodile,9,animal,6.828712
M2,F,Other,eggplant,8,plant,6.727432
M2,F,Other,clove,5,plant,6.413459
M2,F,Other,bat,3,animal,6.598509
M2,F,Other,chicken,7,animal,6.388561
M2,F,Other,cucumber,8,plant,6.475433
M2,F,Other,owl,3,animal,6.429719
M2,F,Other,lettuce,7,plant,6.280396
M2,F,Other,sheep,5,animal,6.361302
M2,F,Other,radish,6,plant,6.782192
M2,F,Other,wasp,4,animal,7.019297
M2,F,Other,avocado,7,plant,6.698268
M2,F,Other,frog,4,animal,6.284134
M2,F,Other,moose,5,animal,6.603944
M2,F,Other,tomato,6,plant,6.43935
M2,F,Other,reindeer,8,animal,7.002156
M2,F,Other,elephant,8,animal,6.768493
M2,F,Other,fox,3,animal,6.453625
M2,F,Other,spider,6,animal,6.476972
M2,F,Other,mouse,5,animal,6.282267
M2,F,Other,broccoli,8,plant,6.53814
M2,F,Other,pig,3,animal,6.242223
M2,F,Other,carrot,6,plant,6.280396
M2,F,Other,blueberry,9,plant,6.511745
M2,F,Other,olive,5,plant,6.309918
M2,F,Other,walnut,6,plant,6.674561
M2,F,Other,dog,3,animal,6.380123
M2,F,Other,pear,4,plant,6.313548
M2,F,Other,eagle,5,animal,6.257668
M2,F,Other,tortoise,8,animal,6.71174
M2,F,Other,bee,3,animal,6.336826
M2,F,Other,lemon,5,plant,6.542472
M2,F,Other,leek,4,plant,7.443664
M2,F,Other,hedgehog,8,animal,7.40367
M2,F,Other,asparagus,9,plant,6.680855
M2,F,Other,squirrel,8,animal,7.314553
M2,F,Other,whale,5,animal,6.648985
M2,F,Other,almond,6,plant,6.864848
M2,F,Other,beetroot,8,plant,6.769642
M2,F,Other,ant,3,animal,6.272877
M2,F,Other,swan,4,animal,6.472346
M2,F,Other,orange,6,plant,6.23637
M2,F,Other,snake,5,animal,6.298949
M2,F,Other,shark,5,animal,6.444131
M2,F,Other,camel,5,animal,6.297109
M2,F,Other,cherry,6,plant,6.2186
M2,F,Other,monkey,6,animal,6.257668
M2,F,Other,goose,5,animal,6.09357
M2,F,Other,melon,5,plant,6.340359
M2,F,Other,stork,5,animal,6.553933
M2,F,Other,gull,4,animal,6.862758
M2,F,Other,gherkin,7,plant,6.553933
M2,F,Other,horse,5,animal,6.421622
M2,F,Other,banana,6,plant,6.200509
M2,F,Other,butterfly,9,animal,6.380123
M2,F,Other,bunny,5,animal,6.679599
M2,F,Other,apple,5,plant,6.390241
M2,F,Other,strawberry,10,plant,6.44572
M2,F,Other,blackberry,10,plant,6.415097
M2,F,Other,mushroom,8,plant,6.322565
M2,F,Other,goat,4,animal,6.520621
M2,F,Other,squid,5,animal,6.39693
M2,F,Other,beaver,6,animal,6.388561
M2,F,Other,cat,3,animal,6.278521
M2,F,Other,mole,4,animal,6.293419
M2,F,Other,apricot,7,plant,6.562444
M2,F,Other,dolphin,7,animal,6.565265
M2,F,Other,magpie,6,animal,7.113142
M2,F,Other,vulture,7,animal,7.07327
M2,F,Other,peanut,6,plant,6.431331
M2,F,Other,woodpecker,10,animal,6.842683
M2,F,Other,pineapple,9,plant,6.285998
M2,F,Other,lion,4,animal,6.452049
P,F,Other,moose,5,animal,7.005789
P,F,Other,pineapple,9,plant,6.403574
P,F,Other,fox,3,animal,6.466145
P,F,Other,gull,4,animal,6.44254
P,F,Other,whale,5,animal,6.398595
P,F,Other,snake,5,animal,6.204558
P,F,Other,crocodile,9,animal,6.33328
P,F,Other,squirrel,8,animal,6.658011
P,F,Other,mustard,7,plant,6.380123
P,F,Other,eagle,5,animal,6.335054
P,F,Other,elephant,8,animal,6.302619
P,F,Other,apple,5,plant,6.152733
P,F,Other,cat,3,animal,6.259581
P,F,Other,almond,6,plant,6.249975
P,F,Other,lion,4,animal,6.278521
P,F,Other,cherry,6,plant,6.532334
P,F,Other,goat,4,animal,6.224558
P,F,Other,hedgehog,8,animal,6.795706
P,F,Other,sheep,5,animal,6.2186
P,F,Other,beetroot,8,plant,6.466145
P,F,Other,kiwi,4,plant,6.327937
P,F,Other,vulture,7,animal,6.758095
P,F,Other,pig,3,animal,6.388561
P,F,Other,clove,5,plant,6.467699
P,F,Other,avocado,7,plant,6.411818
P,F,Other,blackberry,10,plant,6.347389
P,F,Other,horse,5,animal,6.369901
P,F,Other,pear,4,plant,6.624065
P,F,Other,owl,3,animal,6.43615
P,F,Other,mole,4,animal,6.202536
P,F,Other,goose,5,animal,6.304449
P,F,Other,donkey,6,animal,6.423247
P,F,Other,bunny,5,animal,6.761573
P,F,Other,gherkin,7,plant,6.867974
P,F,Other,spider,6,animal,6.49224
P,F,Other,tortoise,8,animal,6.55108
P,F,Other,shark,5,animal,6.444131
P,F,Other,melon,5,plant,6.282267
P,F,Other,broccoli,8,plant,6.447306
P,F,Other,carrot,6,plant,6.352629
P,F,Other,leek,4,plant,6.642487
P,F,Other,magpie,6,animal,7.085901
P,F,Other,mushroom,8,plant,6.437752
P,F,Other,orange,6,plant,6.259581
P,F,Other,swan,4,animal,6.326149
P,F,Other,apricot,7,plant,6.270988
P,F,Other,paprika,7,plant,6.326149
P,F,Other,reindeer,8,animal,6.774224
P,F,Other,ant,3,animal,6.278521
P,F,Other,strawberry,10,plant,6.276643
P,F,Other,dog,3,animal,6.317165
P,F,Other,frog,4,animal,6.285998
P,F,Other,olive,5,plant,6.51323
P,F,Other,wasp,4,animal,6.359574
P,F,Other,butterfly,9,animal,6.498282
P,F,Other,lettuce,7,plant,6.297109
P,F,Other,potato,6,plant,6.171701
P,F,Other,peanut,6,plant,6.177944
P,F,Other,banana,6,plant,6.295266
P,F,Other,bee,3,animal,6.428105
P,F,Other,blueberry,9,plant,6.562444
P,F,Other,tomato,6,plant,6.327937
P,F,Other,walnut,6,plant,6.824374
P,F,Other,lemon,5,plant,6.364751
P,F,Other,stork,5,animal,6.937314
P,F,Other,mouse,5,animal,6.507278
P,F,Other,asparagus,9,plant,6.608001
P,F,Other,beaver,6,animal,6.483107
P,F,Other,chicken,7,animal,6.338594
P,F,Other,bat,3,animal,6.318968
P,F,Other,eggplant,8,plant,6.364751
P,F,Other,squid,5,animal,6.461468
P,F,Other,monkey,6,animal,6.317165
P,F,Other,dolphin,7,animal,6.452049
P,F,Other,woodpecker,10,animal,6.532334
P,F,Other,cucumber,8,plant,6.508769
P,F,Other,radish,6,plant,6.240276
P,F,Other,grape,5,plant,6.154858
P,F,Other,camel,5,animal,6.20859
R1,F,English,bee,3,animal,6.194405
R1,F,English,ant,3,animal,6.180017
R1,F,English,paprika,7,plant,6.40688
R1,F,English,monkey,6,animal,6.276643
R1,F,English,goose,5,animal,6.163315
R1,F,English,avocado,7,plant,6.336826
R1,F,English,camel,5,animal,6.257668
R1,F,English,bunny,5,animal,6.198479
R1,F,English,spider,6,animal,6.133398
R1,F,English,fox,3,animal,6.180017
R1,F,English,blackberry,10,plant,6.161207
R1,F,English,almond,6,plant,5.981414
R1,F,English,crocodile,9,animal,6.177944
R1,F,English,owl,3,animal,6.234411
R1,F,English,swan,4,animal,6.390241
R1,F,English,carrot,6,plant,6.274762
R1,F,English,goat,4,animal,6.198479
R1,F,English,mustard,7,plant,6.202536
R1,F,English,banana,6,plant,6.234411
R1,F,English,apricot,7,plant,6.276643
R1,F,English,hedgehog,8,animal,6.115892
R1,F,English,clove,5,plant,6.313548
R1,F,English,asparagus,9,plant,6.282267
R1,F,English,beaver,6,animal,6.650279
R1,F,English,reindeer,8,animal,6.33328
R1,F,English,lion,4,animal,6.391917
R1,F,English,chicken,7,animal,6.144186
R1,F,English,gherkin,7,plant,6.244167
R1,F,English,pineapple,9,plant,6.212606
R1,F,English,magpie,6,animal,6.514713
R1,F,English,gull,4,animal,6.50279
R1,F,English,cucumber,8,plant,6.289716
R1,F,English,squirrel,8,animal,6.408529
R1,F,English,cherry,6,plant,6.293419
R1,F,English,leek,4,plant,6.280396
R1,F,English,apple,5,plant,6.278521
R1,F,English,lettuce,7,plant,6.131226
R1,F,English,beetroot,8,plant,7.425358
R1,F,English,potato,6,plant,6.44572
R1,F,English,vulture,7,animal,6.633318
R1,F,English,pear,4,plant,6.93537
R1,F,English,donkey,6,animal,6.39693
R1,F,English,mole,4,animal,6.6995
R1,F,English,wasp,4,animal,6.298949
R1,F,English,walnut,6,plant,6.315358
R1,F,English,grape,5,plant,6.272877
R1,F,English,tomato,6,plant,6.200509
R1,F,English,butterfly,9,animal,6.322565
R1,F,English,radish,6,plant,6.263398
R1,F,English,melon,5,plant,6.232448
R1,F,English,dog,3,animal,6.368187
R1,F,English,broccoli,8,plant,6.171701
R1,F,English,bat,3,animal,6.562444
R1,F,English,pig,3,animal,6.335054
R1,F,English,mouse,5,animal,6.228511
R1,F,English,eagle,5,animal,6.144186
R1,F,English,shark,5,animal,6.226537
R1,F,English,tortoise,8,animal,6.265301
R1,F,English,snake,5,animal,6.361302
R1,F,English,stork,5,animal,6.514713
R1,F,English,squid,5,animal,6.297109
R1,F,English,horse,5,animal,6.280396
R1,F,English,cat,3,animal,6.52503
R1,F,English,peanut,6,plant,6.173786
R1,F,English,olive,5,plant,6.291569
R1,F,English,strawberry,10,plant,6.315358
R1,F,English,whale,5,animal,6.287859
R1,F,English,sheep,5,animal,6.165418
R1,F,English,lemon,5,plant,6.300786
R1,F,English,moose,5,animal,6.09131
R1,F,English,woodpecker,10,animal,6.135565
R1,F,English,kiwi,4,plant,6.274762
R1,F,English,eggplant,8,plant,6.302619
R1,F,English,orange,6,plant,6.490724
R1,F,English,mushroom,8,plant,6.212606
R1,F,English,elephant,8,animal,6.200509
R1,F,English,blueberry,9,plant,6.171701
R1,F,English,frog,4,animal,6.025866
R1,F,English,dolphin,7,animal,6.263398
R2,M,English,whale,5,animal,6.410175
R2,M,English,banana,6,plant,6.423247
R2,M,English,woodpecker,10,animal,6.510258
R2,M,English,shark,5,animal,6.349139
R2,M,English,hedgehog,8,animal,6.51323
R2,M,English,snake,5,animal,6.398595
R2,M,English,strawberry,10,plant,6.410175
R2,M,English,leek,4,plant,6.359574
R2,M,English,lemon,5,plant,6.302619
R2,M,English,camel,5,animal,6.669498
R2,M,English,dolphin,7,animal,6.447306
R2,M,English,crocodile,9,animal,6.618739
R2,M,English,cat,3,animal,6.352629
R2,M,English,reindeer,8,animal,6.54103
R2,M,English,donkey,6,animal,6.287859
R2,M,English,mushroom,8,plant,6.390241
R2,M,English,elephant,8,animal,6.405228
R2,M,English,chicken,7,animal,6.356108
R2,M,English,apricot,7,plant,6.311735
R2,M,English,bat,3,animal,6.315358
R2,M,English,beetroot,8,plant,6.393591
R2,M,English,monkey,6,animal,6.55108
R2,M,English,swan,4,animal,6.582025
R2,M,English,orange,6,plant,6.642487
R2,M,English,blueberry,9,plant,6.927558
R2,M,English,pig,3,animal,6.405228
R2,M,English,melon,5,plant,6.666957
R2,M,English,horse,5,animal,6.646391
R2,M,English,kiwi,4,plant,6.591674
R2,M,English,tomato,6,plant,6.50129
R2,M,English,carrot,6,plant,6.536692
R2,M,English,sheep,5,animal,6.434547
R2,M,English,wasp,4,animal,6.50129
R2,M,English,mustard,7,plant,6.347389
R2,M,English,moose,5,animal,6.461468
R2,M,English,spider,6,animal,6.565265
R2,M,English,radish,6,plant,6.416732
R2,M,English,cherry,6,plant,6.352629
R2,M,English,squid,5,animal,6.532334
R2,M,English,tortoise,8,animal,6.584791
R2,M,English,pineapple,9,plant,6.398595
R2,M,English,bee,3,animal,6.272877
R2,M,English,peanut,6,plant,6.584791
R2,M,English,ant,3,animal,6.385194
R2,M,English,pear,4,plant,6.408529
R2,M,English,walnut,6,plant,6.72022
R2,M,English,paprika,7,plant,6.690842
R2,M,English,potato,6,plant,6.505784
R2,M,English,lion,4,animal,6.424869
R2,M,English,fox,3,animal,6.369901
R2,M,English,goat,4,animal,6.49224
R2,M,English,clove,5,plant,6.822197
R2,M,English,bunny,5,animal,6.467699
R2,M,English,olive,5,plant,6.238325
R2,M,English,owl,3,animal,6.378426
R2,M,English,squirrel,8,animal,6.461468
R2,M,English,gull,4,animal,6.5525080000000004
R2,M,English,gherkin,7,plant,6.65544
R2,M,English,dog,3,animal,6.300786
R2,M,English,lettuce,7,plant,6.903747
R2,M,English,vulture,7,animal,6.605298
R2,M,English,eagle,5,animal,6.447306
R2,M,English,cucumber,8,plant,6.577861
R2,M,English,broccoli,8,plant,6.388561
R2,M,English,beaver,6,animal,6.39693
R2,M,English,grape,5,plant,6.401917
R2,M,English,frog,4,animal,6.380123
R2,M,English,stork,5,animal,6.584791
R2,M,English,magpie,6,animal,6.419995
R2,M,English,butterfly,9,animal,6.475433
R2,M,English,mole,4,animal,6.322565
R2,M,English,blackberry,10,plant,6.632002
R2,M,English,eggplant,8,plant,6.284134
R2,M,English,asparagus,9,plant,6.561031
R2,M,English,almond,6,plant,6.47851
R2,M,English,mouse,5,animal,6.350886
R2,M,English,apple,5,plant,6.142037
R2,M,English,avocado,7,plant,6.476972
R2,M,English,goose,5,animal,6.331502
R3,M,English,camel,5,animal,6.799056
R3,M,English,lemon,5,plant,6.345636
R3,M,English,hedgehog,8,animal,6.265301
R3,M,English,dog,3,animal,6.047372
R3,M,English,whale,5,animal,6.302619
R3,M,English,tortoise,8,animal,6.693324
R3,M,English,mole,4,animal,6.693324
R3,M,English,vulture,7,animal,6.835185
R3,M,English,almond,6,plant,6.329721
R3,M,English,mushroom,8,plant,6.293419
R3,M,English,lion,4,animal,6.345636
R3,M,English,reindeer,8,animal,6.329721
R3,M,English,bunny,5,animal,6.126869
R3,M,English,squid,5,animal,6.473891
R3,M,English,mustard,7,plant,6.635947
R3,M,English,eagle,5,animal,6.188264
R3,M,English,spider,6,animal,6.234411
R3,M,English,peanut,6,plant,6.313548
R3,M,English,goat,4,animal,6.212606
R3,M,English,olive,5,plant,6.591674
R3,M,English,butterfly,9,animal,6.687109
R3,M,English,blueberry,9,plant,6.871091
R3,M,English,clove,5,plant,6.614726
R3,M,English,blackberry,10,plant,6.582025
R3,M,English,radish,6,plant,6.533789
R3,M,English,donkey,6,animal,6.49224
R3,M,English,lettuce,7,plant,6.400257
R3,M,English,avocado,7,plant,6.393591
R3,M,English,sheep,5,animal,6.472346
R3,M,English,tomato,6,plant,6.150603
R3,M,English,asparagus,9,plant,6.626718
R3,M,English,leek,4,plant,6.2186
R3,M,English,owl,3,animal,6.472346
R3,M,English,apricot,7,plant,6.347389
R3,M,English,frog,4,animal,6.480045
R3,M,English,bee,3,animal,6.347389
R3,M,English,crocodile,9,animal,6.884487
R3,M,English,carrot,6,plant,6.481577
R3,M,English,cherry,6,plant,6.335054
R3,M,English,mouse,5,animal,6.202536
R3,M,English,cat,3,animal,6.375025
R3,M,English,beaver,6,animal,6.381816
R3,M,English,bat,3,animal,6.175867
R3,M,English,melon,5,plant,6.543912
R3,M,English,kiwi,4,plant,6.180017
R3,M,English,moose,5,animal,6.569481
R3,M,English,apple,5,plant,6.331502
R3,M,English,orange,6,plant,6.059123
R3,M,English,monkey,6,animal,6.150603
R3,M,English,stork,5,animal,6.356108
R3,M,English,wasp,4,animal,6.584791
R3,M,English,goose,5,animal,6.57368
R3,M,English,pear,4,plant,6.274762
R3,M,English,elephant,8,animal,6.375025
R3,M,English,potato,6,plant,6.583409
R3,M,English,gherkin,7,plant,6.498282
R3,M,English,snake,5,animal,6.461468
R3,M,English,pineapple,9,plant,6.376727
R3,M,English,swan,4,animal,6.46925
R3,M,English,chicken,7,animal,6.263398
R3,M,English,pig,3,animal,6.163315
R3,M,English,horse,5,animal,6.184149
R3,M,English,gull,4,animal,6.40688
R3,M,English,banana,6,plant,6.175867
R3,M,English,eggplant,8,plant,6.226537
R3,M,English,woodpecker,10,animal,6.276643
R3,M,English,broccoli,8,plant,6.464588
R3,M,English,shark,5,animal,6.139885
R3,M,English,grape,5,plant,6.196444
R3,M,English,cucumber,8,plant,6.660575
R3,M,English,paprika,7,plant,6.447306
R3,M,English,magpie,6,animal,6.393591
R3,M,English,beetroot,8,plant,6.388561
R3,M,English,dolphin,7,animal,6.165418
R3,M,English,walnut,6,plant,6.481577
R3,M,English,strawberry,10,plant,6.253829
R3,M,English,fox,3,animal,6.267201
R3,M,English,squirrel,8,animal,6.34388
R3,M,English,ant,3,animal,6.167516
S,F,English,bee,3,animal,6.118097
S,F,English,apple,5,plant,6.161207
S,F,English,moose,5,animal,6.25575
S,F,English,beaver,6,animal,6.230481
S,F,English,eggplant,8,plant,6.234411
S,F,English,tortoise,8,animal,6.285998
S,F,English,blackberry,10,plant,6.23637
S,F,English,strawberry,10,plant,6.142037
S,F,English,spider,6,animal,6.224558
S,F,English,tomato,6,plant,6.329721
S,F,English,mouse,5,animal,6.663133
S,F,English,mole,4,animal,6.357842
S,F,English,squirrel,8,animal,6.605298
S,F,English,sheep,5,animal,6.418365
S,F,English,magpie,6,animal,6.921658
S,F,English,vulture,7,animal,6.973543
S,F,English,carrot,6,plant,6.190315
S,F,English,leek,4,plant,6.265301
S,F,English,blueberry,9,plant,6.452049
S,F,English,broccoli,8,plant,6.282267
S,F,English,asparagus,9,plant,6.869014
S,F,English,monkey,6,animal,6.291569
S,F,English,squid,5,animal,6.926577
S,F,English,eagle,5,animal,6.508769
S,F,English,clove,5,plant,6.543912
S,F,English,apricot,7,plant,6.383507
S,F,English,crocodile,9,animal,7.142037
S,F,English,paprika,7,plant,6.638568
S,F,English,peanut,6,plant,6.324359
S,F,English,horse,5,animal,6.43615
S,F,English,banana,6,plant,6.385194
S,F,English,pineapple,9,plant,6.472346
S,F,English,kiwi,4,plant,6.347389
S,F,English,butterfly,9,animal,6.621406
S,F,English,orange,6,plant,6.238325
S,F,English,olive,5,plant,6.261492
S,F,English,cucumber,8,plant,6.309918
S,F,English,bat,3,animal,6.315358
S,F,English,dog,3,animal,6.398595
S,F,English,mushroom,8,plant,6.665684
S,F,English,mustard,7,plant,6.423247
S,F,English,shark,5,animal,6.458338
S,F,English,dolphin,7,animal,6.535241
S,F,English,fox,3,animal,6.315358
S,F,English,goose,5,animal,6.308098
S,F,English,ant,3,animal,6.190315
S,F,English,stork,5,animal,6.388561
S,F,English,wasp,4,animal,6.347389
S,F,English,cherry,6,plant,6.240276
S,F,English,lettuce,7,plant,6.228511
S,F,English,snake,5,animal,6.169611
S,F,English,radish,6,plant,6.318968
S,F,English,camel,5,animal,6.142037
S,F,English,avocado,7,plant,6.661855
S,F,English,whale,5,animal,6.375025
S,F,English,lion,4,animal,6.109248
S,F,English,owl,3,animal,6.359574
S,F,English,pig,3,animal,6.388561
S,F,English,woodpecker,10,animal,6.192362
S,F,English,reindeer,8,animal,6.198479
S,F,English,lemon,5,plant,6.378426
S,F,English,donkey,6,animal,6.280396
S,F,English,swan,4,animal,6.148468
S,F,English,walnut,6,plant,6.416732
S,F,English,goat,4,animal,6.356108
S,F,English,almond,6,plant,6.291569
S,F,English,pear,4,plant,6.356108
S,F,English,frog,4,animal,6.089045
S,F,English,beetroot,8,plant,6.188264
S,F,English,elephant,8,animal,6.135565
S,F,English,chicken,7,animal,6.025866
S,F,English,bunny,5,animal,6.582025
S,F,English,potato,6,plant,6.120297
S,F,English,gull,4,animal,6.400257
S,F,English,grape,5,plant,6.2186
S,F,English,hedgehog,8,animal,6.429719
S,F,English,cat,3,animal,6.318968
S,F,English,gherkin,7,plant,6.612041
S,F,English,melon,5,plant,6.391917
T1,F,English,chicken,7,animal,6.204558
T1,F,English,cat,3,animal,6.240276
T1,F,English,avocado,7,plant,6.375025
T1,F,English,tomato,6,plant,6.715383
T1,F,English,broccoli,8,plant,6.357842
T1,F,English,eggplant,8,plant,6.300786
T1,F,English,almond,6,plant,6.326149
T1,F,English,eagle,5,animal,6.413459
T1,F,English,strawberry,10,plant,6.342121
T1,F,English,kiwi,4,plant,6.177944
T1,F,English,mouse,5,animal,6.295266
T1,F,English,stork,5,animal,6.74876
T1,F,English,gherkin,7,plant,6.680855
T1,F,English,goose,5,animal,6.276643
T1,F,English,blackberry,10,plant,6.45047
T1,F,English,woodpecker,10,animal,6.593045
T1,F,English,lion,4,animal,6.188264
T1,F,English,spider,6,animal,6.39693
T1,F,English,hedgehog,8,animal,6.507278
T1,F,English,olive,5,plant,6.340359
T1,F,English,dolphin,7,animal,6.381816
T1,F,English,butterfly,9,animal,6.452049
T1,F,English,monkey,6,animal,6.249975
T1,F,English,goat,4,animal,6.306275
T1,F,English,clove,5,plant,6.745236
T1,F,English,mustard,7,plant,6.452049
T1,F,English,magpie,6,animal,6.278521
T1,F,English,blueberry,9,plant,6.113682
T1,F,English,whale,5,animal,6.326149
T1,F,English,reindeer,8,animal,7.125283
T1,F,English,lemon,5,plant,6.261492
T1,F,English,melon,5,plant,6.424869
T1,F,English,apricot,7,plant,6.487684
T1,F,English,orange,6,plant,6.472346
T1,F,English,owl,3,animal,6.393591
T1,F,English,bee,3,animal,6.70196
T1,F,English,bunny,5,animal,6.40688
T1,F,English,horse,5,animal,6.253829
T1,F,English,leek,4,plant,6.562444
T1,F,English,potato,6,plant,6.003887
T1,F,English,carrot,6,plant,6.196444
T1,F,English,frog,4,animal,6.381816
T1,F,English,walnut,6,plant,6.338594
T1,F,English,squid,5,animal,6.291569
T1,F,English,apple,5,plant,6.329721
T1,F,English,pineapple,9,plant,6.361302
T1,F,English,dog,3,animal,6.212606
T1,F,English,fox,3,animal,6.369901
T1,F,English,tortoise,8,animal,6.424869
T1,F,English,gull,4,animal,6.597146
T1,F,English,sheep,5,animal,6.192362
T1,F,English,wasp,4,animal,6.45047
T1,F,English,donkey,6,animal,6.324359
T1,F,English,asparagus,9,plant,6.424869
T1,F,English,beetroot,8,plant,6.317165
T1,F,English,bat,3,animal,6.084499
T1,F,English,ant,3,animal,6.326149
T1,F,English,vulture,7,animal,6.584791
T1,F,English,radish,6,plant,6.335054
T1,F,English,squirrel,8,animal,6.496775
T1,F,English,mole,4,animal,6.388561
T1,F,English,banana,6,plant,6.269096
T1,F,English,moose,5,animal,6.184149
T1,F,English,peanut,6,plant,6.188264
T1,F,English,shark,5,animal,6.200509
T1,F,English,camel,5,animal,6.309918
T1,F,English,swan,4,animal,6.388561
T1,F,English,paprika,7,plant,6.517671
T1,F,English,crocodile,9,animal,6.408529
T1,F,English,snake,5,animal,6.073045
T1,F,English,pear,4,plant,6.318968
T1,F,English,cucumber,8,plant,6.45677
T1,F,English,elephant,8,animal,6.33328
T1,F,English,beaver,6,animal,6.180017
T1,F,English,lettuce,7,plant,6.214608
T1,F,English,grape,5,plant,6.287859
T1,F,English,cherry,6,plant,6.102559
T1,F,English,pig,3,animal,6.293419
T1,F,English,mushroom,8,plant,6.173786
T2,F,Other,reindeer,8,animal,7.2086
T2,F,Other,blueberry,9,plant,7.198184
T2,F,Other,horse,5,animal,6.846943
T2,F,Other,radish,6,plant,6.829794
T2,F,Other,beaver,6,animal,7.007601
T2,F,Other,banana,6,plant,6.822197
T2,F,Other,moose,5,animal,6.763885
T2,F,Other,squirrel,8,animal,6.971669
T2,F,Other,gherkin,7,plant,7.587311
T2,F,Other,butterfly,9,animal,6.821107
T2,F,Other,whale,5,animal,7.037906
T2,F,Other,blackberry,10,plant,6.835185
T2,F,Other,melon,5,plant,6.630683
T2,F,Other,spider,6,animal,6.890609
T2,F,Other,dog,3,animal,6.602588
T2,F,Other,pear,4,plant,6.725034
T2,F,Other,tortoise,8,animal,7.017506
T2,F,Other,kiwi,4,plant,6.57368
T2,F,Other,peanut,6,plant,6.969791
T2,F,Other,beetroot,8,plant,7.032624
T2,F,Other,squid,5,animal,6.848005
T2,F,Other,magpie,6,animal,6.805723
T2,F,Other,mole,4,animal,6.966024
T2,F,Other,walnut,6,plant,6.81564
T2,F,Other,olive,5,plant,6.731018
T2,F,Other,camel,5,animal,6.993015
T2,F,Other,monkey,6,animal,6.768493
T2,F,Other,cat,3,animal,6.476972
T2,F,Other,pineapple,9,plant,6.940222
T2,F,Other,lemon,5,plant,6.371612
T2,F,Other,pig,3,animal,6.526495
T2,F,Other,wasp,4,animal,7.03966
T2,F,Other,mustard,7,plant,6.849066
T2,F,Other,strawberry,10,plant,6.884487
T2,F,Other,shark,5,animal,6.814543
T2,F,Other,dolphin,7,animal,7.014814
T2,F,Other,hedgehog,8,animal,6.874198
T2,F,Other,vulture,7,animal,7.224025
T2,F,Other,goose,5,animal,6.886532
T2,F,Other,swan,4,animal,6.768493
T2,F,Other,lion,4,animal,6.568078
T2,F,Other,eggplant,8,plant,6.900731
T2,F,Other,paprika,7,plant,7.117206
T2,F,Other,woodpecker,10,animal,7.055313
T2,F,Other,tomato,6,plant,6.716595
T2,F,Other,gull,4,animal,6.590301
T2,F,Other,broccoli,8,plant,6.654153
T2,F,Other,clove,5,plant,6.566672
T2,F,Other,bat,3,animal,6.493754
T2,F,Other,apple,5,plant,6.511745
T2,F,Other,apricot,7,plant,6.781058
T2,F,Other,crocodile,9,animal,6.811244
T2,F,Other,almond,6,plant,6.877296
T2,F,Other,cucumber,8,plant,6.813445
T2,F,Other,lettuce,7,plant,6.719013
T2,F,Other,orange,6,plant,6.754604
T2,F,Other,grape,5,plant,6.795706
T2,F,Other,eagle,5,animal,7.053586
T2,F,Other,frog,4,animal,6.582025
T2,F,Other,goat,4,animal,6.812345
T2,F,Other,potato,6,plant,6.872128
T2,F,Other,bee,3,animal,6.628041
T2,F,Other,chicken,7,animal,6.532334
T2,F,Other,leek,4,plant,6.530878
T2,F,Other,carrot,6,plant,6.603944
T2,F,Other,sheep,5,animal,6.569481
T2,F,Other,owl,3,animal,6.583409
T2,F,Other,snake,5,animal,6.768493
T2,F,Other,avocado,7,plant,6.803505
T2,F,Other,bunny,5,animal,7.036148
T2,F,Other,mushroom,8,plant,6.597146
T2,F,Other,ant,3,animal,6.514713
T2,F,Other,asparagus,9,plant,6.723832
T2,F,Other,fox,3,animal,6.542472
T2,F,Other,elephant,8,animal,7.223296
T2,F,Other,mouse,5,animal,6.50279
T2,F,Other,cherry,6,plant,7.053586
T2,F,Other,donkey,6,animal,6.673298
T2,F,Other,stork,5,animal,6.88551
V,F,Other,stork,5,animal,6.921658
V,F,Other,eagle,5,animal,6.958448
V,F,Other,dog,3,animal,6.426488
V,F,Other,clove,5,plant,6.756932
V,F,Other,swan,4,animal,6.844815
V,F,Other,ant,3,animal,6.371612
V,F,Other,melon,5,plant,6.493754
V,F,Other,wasp,4,animal,6.603944
V,F,Other,shark,5,animal,6.338594
V,F,Other,snake,5,animal,6.447306
V,F,Other,donkey,6,animal,6.514713
V,F,Other,gull,4,animal,6.490724
V,F,Other,radish,6,plant,6.753438
V,F,Other,cucumber,8,plant,6.731018
V,F,Other,pear,4,plant,6.568078
V,F,Other,mouse,5,animal,6.40688
V,F,Other,leek,4,plant,6.602588
V,F,Other,goat,4,animal,6.39693
V,F,Other,gherkin,7,plant,6.781058
V,F,Other,pineapple,9,plant,6.770789
V,F,Other,grape,5,plant,6.452049
V,F,Other,tortoise,8,animal,7.055313
V,F,Other,dolphin,7,animal,6.43935
V,F,Other,sheep,5,animal,6.378426
V,F,Other,mustard,7,plant,6.751101
V,F,Other,whale,5,animal,6.49224
V,F,Other,eggplant,8,plant,6.605298
V,F,Other,squirrel,8,animal,6.793466
V,F,Other,pig,3,animal,6.347389
V,F,Other,walnut,6,plant,6.539586
V,F,Other,bee,3,animal,6.322565
V,F,Other,peanut,6,plant,6.440947
V,F,Other,orange,6,plant,6.590301
V,F,Other,avocado,7,plant,6.50279
V,F,Other,almond,6,plant,6.52503
V,F,Other,squid,5,animal,6.703188
V,F,Other,lion,4,animal,6.444131
V,F,Other,butterfly,9,animal,6.526495
V,F,Other,spider,6,animal,6.352629
V,F,Other,elephant,8,animal,6.961296
V,F,Other,crocodile,9,animal,6.729824
V,F,Other,cat,3,animal,6.416732
V,F,Other,mole,4,animal,6.556778
V,F,Other,cherry,6,plant,6.582025
V,F,Other,lettuce,7,plant,6.717805
V,F,Other,camel,5,animal,6.84588
V,F,Other,bunny,5,animal,6.626718
V,F,Other,frog,4,animal,6.493754
V,F,Other,beaver,6,animal,6.731018
V,F,Other,horse,5,animal,6.883463
V,F,Other,banana,6,plant,6.375025
V,F,Other,olive,5,plant,6.58755
V,F,Other,lemon,5,plant,6.426488
V,F,Other,kiwi,4,plant,6.508769
V,F,Other,owl,3,animal,6.796824
V,F,Other,magpie,6,animal,6.795706
V,F,Other,blueberry,9,plant,6.431331
V,F,Other,reindeer,8,animal,6.816736
V,F,Other,mushroom,8,plant,6.572283
V,F,Other,goose,5,animal,6.35437
V,F,Other,moose,5,animal,6.378426
V,F,Other,paprika,7,plant,6.527958
V,F,Other,strawberry,10,plant,6.561031
V,F,Other,vulture,7,animal,6.934397
V,F,Other,beetroot,8,plant,6.507278
V,F,Other,apple,5,plant,6.50279
V,F,Other,woodpecker,10,animal,6.788972
V,F,Other,chicken,7,animal,6.461468
V,F,Other,hedgehog,8,animal,6.823286
V,F,Other,asparagus,9,plant,6.739337
V,F,Other,blackberry,10,plant,6.679599
V,F,Other,carrot,6,plant,6.426488
V,F,Other,fox,3,animal,6.390241
V,F,Other,monkey,6,animal,6.475433
V,F,Other,tomato,6,plant,6.424869
V,F,Other,bat,3,animal,6.381816
V,F,Other,potato,6,plant,6.618739
V,F,Other,apricot,7,plant,6.455199
V,F,Other,broccoli,8,plant,6.668228
W1,M,English,grape,5,plant,6.483107
W1,M,English,monkey,6,animal,6.329721
W1,M,English,pig,3,animal,6.381816
W1,M,English,pineapple,9,plant,6.352629
W1,M,English,avocado,7,plant,6.278521
W1,M,English,bat,3,animal,6.2186
W1,M,English,broccoli,8,plant,6.238325
W1,M,English,hedgehog,8,animal,6.570883
W1,M,English,swan,4,animal,6.347389
W1,M,English,chicken,7,animal,6.20859
W1,M,English,walnut,6,plant,6.244167
W1,M,English,mouse,5,animal,6.177944
W1,M,English,strawberry,10,plant,6.202536
W1,M,English,radish,6,plant,6.380123
W1,M,English,elephant,8,animal,6.146329
W1,M,English,donkey,6,animal,6.137727
W1,M,English,tortoise,8,animal,6.561031
W1,M,English,leek,4,plant,6.381816
W1,M,English,beetroot,8,plant,6.526495
W1,M,English,woodpecker,10,animal,6.36647
W1,M,English,almond,6,plant,6.34388
W1,M,English,apple,5,plant,6.289716
W1,M,English,ant,3,animal,6.329721
W1,M,English,moose,5,animal,6.152733
W1,M,English,kiwi,4,plant,6.180017
W1,M,English,cucumber,8,plant,6.338594
W1,M,English,blackberry,10,plant,6.146329
W1,M,English,beaver,6,animal,6.253829
W1,M,English,mushroom,8,plant,6.182085
W1,M,English,eagle,5,animal,6.12905
W1,M,English,lettuce,7,plant,6.224558
W1,M,English,lion,4,animal,6.144186
W1,M,English,olive,5,plant,6.109248
W1,M,English,bunny,5,animal,6.186209
W1,M,English,cat,3,animal,6.202536
W1,M,English,gherkin,7,plant,6.45047
W1,M,English,wasp,4,animal,6.202536
W1,M,English,owl,3,animal,6.278521
W1,M,English,paprika,7,plant,6.322565
W1,M,English,whale,5,animal,6.242223
W1,M,English,goat,4,animal,6.061457
W1,M,English,peanut,6,plant,6.122493
W1,M,English,banana,6,plant,6.180017
W1,M,English,frog,4,animal,6.139885
W1,M,English,reindeer,8,animal,6.466145
W1,M,English,sheep,5,animal,6.045005
W1,M,English,fox,3,animal,6.510258
W1,M,English,apricot,7,plant,6.282267
W1,M,English,camel,5,animal,6.313548
W1,M,English,squid,5,animal,6.198479
W1,M,English,dolphin,7,animal,6.226537
W1,M,English,cherry,6,plant,6.480045
W1,M,English,vulture,7,animal,6.232448
W1,M,English,stork,5,animal,6.317165
W1,M,English,butterfly,9,animal,6.242223
W1,M,English,asparagus,9,plant,6.216606
W1,M,English,bee,3,animal,6.122493
W1,M,English,pear,4,plant,6.270988
W1,M,English,horse,5,animal,6.142037
W1,M,English,magpie,6,animal,6.212606
W1,M,English,snake,5,animal,6.188264
W1,M,English,gull,4,animal,6.216606
W1,M,English,mole,4,animal,6.150603
W1,M,English,squirrel,8,animal,6.249975
W1,M,English,goose,5,animal,6.224558
W1,M,English,dog,3,animal,6.200509
W1,M,English,potato,6,plant,6.234411
W1,M,English,shark,5,animal,6.133398
W1,M,English,lemon,5,plant,6.309918
W1,M,English,mustard,7,plant,6.357842
W1,M,English,melon,5,plant,6.304449
W1,M,English,tomato,6,plant,6.228511
W1,M,English,spider,6,animal,6.269096
W1,M,English,blueberry,9,plant,6.248043
W1,M,English,clove,5,plant,6.452049
W1,M,English,crocodile,9,animal,6.242223
W1,M,English,eggplant,8,plant,6.270988
W1,M,English,carrot,6,plant,6.342121
W1,M,English,orange,6,plant,6.198479
W2,M,English,avocado,7,plant,6.625392
W2,M,English,blueberry,9,plant,6.526495
W2,M,English,squirrel,8,animal,6.416732
W2,M,English,mushroom,8,plant,6.401917
W2,M,English,woodpecker,10,animal,6.444131
W2,M,English,banana,6,plant,6.336826
W2,M,English,cat,3,animal,6.194405
W2,M,English,donkey,6,animal,6.47851
W2,M,English,potato,6,plant,6.990257
W2,M,English,blackberry,10,plant,6.579251
W2,M,English,owl,3,animal,6.499787
W2,M,English,lemon,5,plant,6.395262
W2,M,English,kiwi,4,plant,6.802395
W2,M,English,bat,3,animal,6.526495
W2,M,English,grape,5,plant,6.60665
W2,M,English,hedgehog,8,animal,6.634633
W2,M,English,mole,4,animal,6.569481
W2,M,English,carrot,6,plant,6.498282
W2,M,English,ant,3,animal,6.43615
W2,M,English,fox,3,animal,6.532334
W2,M,English,mustard,7,plant,6.434547
W2,M,English,lettuce,7,plant,6.395262
W2,M,English,paprika,7,plant,6.591674
W2,M,English,cucumber,8,plant,6.577861
W2,M,English,sheep,5,animal,6.533789
W2,M,English,lion,4,animal,6.559615
W2,M,English,vulture,7,animal,6.790097
W2,M,English,radish,6,plant,6.81564
W2,M,English,crocodile,9,animal,6.828712
W2,M,English,snake,5,animal,6.401917
W2,M,English,strawberry,10,plant,6.693324
W2,M,English,goose,5,animal,6.35437
W2,M,English,frog,4,animal,6.507278
W2,M,English,eagle,5,animal,6.527958
W2,M,English,moose,5,animal,6.679599
W2,M,English,wasp,4,animal,7.009409
W2,M,English,bee,3,animal,6.300786
W2,M,English,squid,5,animal,6.431331
W2,M,English,asparagus,9,plant,6.744059
W2,M,English,melon,5,plant,6.533789
W2,M,English,gull,4,animal,6.423247
W2,M,English,clove,5,plant,6.335054
W2,M,English,tortoise,8,animal,6.642487
W2,M,English,horse,5,animal,6.495266
W2,M,English,tomato,6,plant,6.410175
W2,M,English,monkey,6,animal,6.190315
W2,M,English,dog,3,animal,6.289716
W2,M,English,swan,4,animal,6.159095
W2,M,English,pineapple,9,plant,6.352629
W2,M,English,eggplant,8,plant,6.276643
W2,M,English,orange,6,plant,6.234411
W2,M,English,peanut,6,plant,6.318968
W2,M,English,magpie,6,animal,6.342121
W2,M,English,shark,5,animal,6.297109
W2,M,English,leek,4,plant,6.363028
W2,M,English,butterfly,9,animal,6.345636
W2,M,English,bunny,5,animal,6.318968
W2,M,English,apple,5,plant,6.257668
W2,M,English,goat,4,animal,6.276643
W2,M,English,camel,5,animal,6.380123
W2,M,English,elephant,8,animal,6.263398
W2,M,English,spider,6,animal,6.317165
W2,M,English,stork,5,animal,6.381816
W2,M,English,broccoli,8,plant,6.652863
W2,M,English,mouse,5,animal,6.774224
W2,M,English,apricot,7,plant,6.593045
W2,M,English,walnut,6,plant,6.43615
W2,M,English,almond,6,plant,6.272877
W2,M,English,olive,5,plant,6.206576
W2,M,English,beaver,6,animal,6.142037
W2,M,English,gherkin,7,plant,6.710523
W2,M,English,dolphin,7,animal,6.380123
W2,M,English,reindeer,8,animal,6.50279
W2,M,English,chicken,7,animal,6.184149
W2,M,English,beetroot,8,plant,6.426488
W2,M,English,pig,3,animal,6.22059
W2,M,English,pear,4,plant,6.196444
W2,M,English,whale,5,animal,6.463029
W2,M,English,cherry,6,plant,6.336826
Z,M,Other,radish,6,plant,6.642487
Z,M,Other,leek,4,plant,6.320768
Z,M,Other,potato,6,plant,6.40688
Z,M,Other,squid,5,animal,6.463029
Z,M,Other,grape,5,plant,6.390241
Z,M,Other,paprika,7,plant,6.612041
Z,M,Other,monkey,6,animal,6.588926
Z,M,Other,cucumber,8,plant,6.790097
Z,M,Other,dolphin,7,animal,6.652863
Z,M,Other,bee,3,animal,6.361302
Z,M,Other,stork,5,animal,7.111512
Z,M,Other,elephant,8,animal,6.717805
Z,M,Other,camel,5,animal,6.712956
Z,M,Other,orange,6,plant,6.45047
Z,M,Other,moose,5,animal,6.60665
Z,M,Other,bat,3,animal,6.408529
Z,M,Other,butterfly,9,animal,6.663133
Z,M,Other,goose,5,animal,6.508769
Z,M,Other,olive,5,plant,6.359574
Z,M,Other,banana,6,plant,6.352629
Z,M,Other,beetroot,8,plant,7.044905
Z,M,Other,pig,3,animal,6.381816
Z,M,Other,apricot,7,plant,6.452049
Z,M,Other,lettuce,7,plant,6.679599
Z,M,Other,spider,6,animal,6.672033
Z,M,Other,mole,4,animal,6.697034
Z,M,Other,broccoli,8,plant,6.854355
Z,M,Other,carrot,6,plant,6.419995
Z,M,Other,mouse,5,animal,6.345636
Z,M,Other,almond,6,plant,6.788972
Z,M,Other,chicken,7,animal,6.43935
Z,M,Other,snake,5,animal,6.526495
Z,M,Other,fox,3,animal,6.293419
Z,M,Other,woodpecker,10,animal,6.905753
Z,M,Other,dog,3,animal,6.74876
Z,M,Other,eagle,5,animal,6.508769
Z,M,Other,tortoise,8,animal,6.6995
Z,M,Other,whale,5,animal,6.549651
Z,M,Other,pear,4,plant,6.375025
Z,M,Other,hedgehog,8,animal,7.029973
Z,M,Other,reindeer,8,animal,6.842683
Z,M,Other,gull,4,animal,6.777647
Z,M,Other,crocodile,9,animal,6.862758
Z,M,Other,beaver,6,animal,6.570883
Z,M,Other,magpie,6,animal,7.17549
Z,M,Other,wasp,4,animal,7.000334
Z,M,Other,sheep,5,animal,6.511745
Z,M,Other,ant,3,animal,6.320768
Z,M,Other,walnut,6,plant,6.703188
Z,M,Other,vulture,7,animal,6.804615
Z,M,Other,asparagus,9,plant,6.751101
Z,M,Other,mustard,7,plant,6.620073
Z,M,Other,donkey,6,animal,6.559615
Z,M,Other,blueberry,9,plant,7.128496
Z,M,Other,clove,5,plant,6.45047
Z,M,Other,gherkin,7,plant,6.904751
Z,M,Other,apple,5,plant,6.338594
Z,M,Other,bunny,5,animal,6.464588
Z,M,Other,goat,4,animal,6.317165
Z,M,Other,peanut,6,plant,6.530878
Z,M,Other,kiwi,4,plant,6.549651
Z,M,Other,pineapple,9,plant,6.776507
Z,M,Other,lion,4,animal,6.388561
Z,M,Other,shark,5,animal,6.665684
Z,M,Other,blackberry,10,plant,6.588926
Z,M,Other,lemon,5,plant,6.43935
Z,M,Other,tomato,6,plant,6.324359
Z,M,Other,strawberry,10,plant,6.493754
Z,M,Other,eggplant,8,plant,6.771936
Z,M,Other,cherry,6,plant,6.313548
Z,M,Other,melon,5,plant,6.527958
Z,M,Other,owl,3,animal,6.706862
Z,M,Other,cat,3,animal,6.253829
Z,M,Other,mushroom,8,plant,6.660575
Z,M,Other,swan,4,animal,6.505784
Z,M,Other,squirrel,8,animal,6.761573
Z,M,Other,avocado,7,plant,6.782192
Z,M,Other,frog,4,animal,6.2186
Z,M,Other,horse,5,animal,6.411818
